{
    "train": {
        "loss": 0.8366637229919434,
        "accuracy": 0.5096250176429749
    },
    "eval": {
        "loss": 0.6897220015525818,
        "accuracy": 0.5362903475761414
    },
    "step": 0
}
