{
    "train": {
        "loss": 0.6724204421043396,
        "accuracy": 0.5847499966621399
    },
    "eval": {
        "loss": 0.6656678915023804,
        "accuracy": 0.5720766186714172
    },
    "step": 0
}
