{
    "train": {
        "loss": 0.6920920014381409,
        "accuracy": 0.546750009059906
    },
    "eval": {
        "loss": 0.6762654781341553,
        "accuracy": 0.5774999856948853
    },
    "step": 0
}
