{
    "train": {
        "loss": 0.55405592918396,
        "accuracy": 0.7127500176429749
    },
    "eval": {
        "loss": 0.5219781398773193,
        "accuracy": 0.7303427457809448
    },
    "step": 9
}
