{
    "train": {
        "loss": 0.6974804401397705,
        "accuracy": 0.5368750095367432
    },
    "eval": {
        "loss": 0.6552690863609314,
        "accuracy": 0.6199596524238586
    },
    "step": 0
}
