step	accuracy
0	0.5483871102333069
1	0.5826612710952759
2	0.6794354915618896
3	0.7056451439857483
4	0.6985887289047241
5	0.7253023982048035
6	0.734375
7	0.7227822542190552
8	0.7283266186714172
9	0.7303427457809448
