step	loss
0	0.6778103113174438
1	0.6860677003860474
2	0.5959202647209167
3	0.5580685138702393
4	0.5759748816490173
5	0.5438231229782104
6	0.5357773900032043
7	0.5504654049873352
8	0.5194103121757507
9	0.5219781398773193
